"Data Source","World Development Indicators",

"Last Updated Date","2022-06-30",

"Country Name","Country Code","Indicator Name","Indicator Code","1960","1961","1962","1963","1964","1965","1966","1967","1968","1969","1970","1971","1972","1973","1974","1975","1976","1977","1978","1979","1980","1981","1982","1983","1984","1985","1986","1987","1988","1989","1990","1991","1992","1993","1994","1995","1996","1997","1998","1999","2000","2001","2002","2003","2004","2005","2006","2007","2008","2009","2010","2011","2012","2013","2014","2015","2016","2017","2018","2019","2020","2021",
"Aruba","ABW","Female share of employment in senior and middle management (%)","SL.EMP.SMGT.FE.ZS","","","","","","","","","","","","","","","","","","","","","","","","","","","","","","","","","","","","","","","","","","","","","","","","","","","","","","","","","","","","","","",
"Africa Eastern and Southern","AFE","Female share of employment in senior and middle management (%)","SL.EMP.SMGT.FE.ZS","","","","","","","","","","","","","","","","","","","","","","","","","","","","","","","","","","","","","","","","","","","","","","","","","","","","","","","","","","","","","","",
"Afghanistan","AFG","Female share of employment in senior and middle management (%)","SL.EMP.SMGT.FE.ZS","","","","","","","","","","","","","","","","","","","","","","","","","","","","","","","","","","","","","","","","","","","","","","","","","","","","","","","6.90000009536743","","","4.30000019073486","","","5.90000009536743","",
"Africa Western and Central","AFW","Female share of employment in senior and middle management (%)","SL.EMP.SMGT.FE.ZS","","","","","","","","","","","","","","","","","","","","","","","","","","","","","","","","","","","","","","","","","","","","","","","","","","","","","","","","","","","","","","",
"Angola","AGO","Female share of employment in senior and middle management (%)","SL.EMP.SMGT.FE.ZS","","","","","","","","","","","","","","","","","","","","","","","","","","","","","","","","","","","","","","","","","","","","","","","","","","14.8000001907349","","","","","18.2000007629395","","","","","","","",
"Albania","ALB","Female share of employment in senior and middle management (%)","SL.EMP.SMGT.FE.ZS","","","","","","","","","","","","","","","","","","","","","","","","","","","","","","","","","","","","","","","","","","","","","","","","22.7999992370605","24.3999996185303","22","16.2000007629395","","14.6999998092651","29.2999992370605","20.6000003814697","19.2999992370605","24","22.6000003814697","31.6000003814697","41.2999992370605","","",
"Andorra","AND","Female share of employment in senior and middle management (%)","SL.EMP.SMGT.FE.ZS","","","","","","","","","","","","","","","","","","","","","","","","","","","","","","","","","","","","","","","","","","","","","","","","","","","","","","","","","","","","","","",
"Arab World","ARB","Female share of employment in senior and middle management (%)","SL.EMP.SMGT.FE.ZS","","","","","","","","","","","","","","","","","","","","","","","","","","","","","","","","","","","","","","","","","","","","","","","","","","","","","","","","","","","","","","",
"United Arab Emirates","ARE","Female share of employment in senior and middle management (%)","SL.EMP.SMGT.FE.ZS","","","","","","","","","","","","","","","","","","","","","","","","","","","","","","","","","","","","","","","","","","","","","","","","","","","","","","","","","","12.1999998092651","15.6999998092651","","17.7000007629395","",
"Argentina","ARG","Female share of employment in senior and middle management (%)","SL.EMP.SMGT.FE.ZS","","","","","","","","","","","","","","","","","","","","","","","","","","","","","","","","","","","","","","","","","","","","","28.6000003814697","26.2999992370605","29.3999996185303","","29.8999996185303","34.4000015258789","32.0999984741211","30.2000007629395","32.2999992370605","36.5","38.5999984741211","","","32.5999984741211","33.2000007629395","33.0999984741211","37","37.4000015258789",
"Armenia","ARM","Female share of employment in senior and middle management (%)","SL.EMP.SMGT.FE.ZS","","","","","","","","","","","","","","","","","","","","","","","","","","","","","","","","","","","","","","","","","","","","","","","","","","","","","","","","","","","","","","",
"American Samoa","ASM","Female share of employment in senior and middle management (%)","SL.EMP.SMGT.FE.ZS","","","","","","","","","","","","","","","","","","","","","","","","","","","","","","","","","","","","","","","","","","","","","","","","","","","","","","","","","","","","","","",
"Antigua and Barbuda","ATG","Female share of employment in senior and middle management (%)","SL.EMP.SMGT.FE.ZS","","","","","","","","","","","","","","","","","","","","","","","","","","","","","","","","","","","","","","","","","","","","","","","","","","","","","","","","","","","","","","",
"Australia","AUS","Female share of employment in senior and middle management (%)","SL.EMP.SMGT.FE.ZS","","","","","","","","","","","","","","","","","","","","","","","","","","","","","","","","","","","","","","","","","","","","","","","","","","","33.5","27.6000003814697","29.8999996185303","32.9000015258789","35","35.2999992370605","36.2000007629395","35.0999984741211","33.7999992370605","34.5999984741211","34.2000007629395","",
"Austria","AUT","Female share of employment in senior and middle management (%)","SL.EMP.SMGT.FE.ZS","","","","","","","","","","","","","","","","","","","","","","","","","","","","","","","","","","","","","","","","","28.1000003814697","29.3999996185303","30.7999992370605","28.5","22.2000007629395","21.5","21","21","25.2000007629395","23.2999992370605","25.3999996185303","26.1000003814697","27.1000003814697","26.2999992370605","27.7999992370605","27.8999996185303","29.5","29.2000007629395","28.8999996185303","32","31.2999992370605","",
"Azerbaijan","AZE","Female share of employment in senior and middle management (%)","SL.EMP.SMGT.FE.ZS","","","","","","","","","","","","","","","","","","","","","","","","","","","","","","","","","","","","","","","","","","","","","","","","","","","","","","","","","","","","","","",
"Burundi","BDI","Female share of employment in senior and middle management (%)","SL.EMP.SMGT.FE.ZS","","","","","","","","","","","","","","","","","","","","","","","","","","","","","","","","","","","","","","","","","","","","","","","","","","","","","","","","","","","","","","",
"Belgium","BEL","Female share of employment in senior and middle management (%)","SL.EMP.SMGT.FE.ZS","","","","","","","","","","","","","","","","","","","","","","","","","","","","","","","","","","","","","","","","","24.5","28.3999996185303","28","27.2999992370605","26.8999996185303","30.2000007629395","31.1000003814697","33.5999984741211","31.8999996185303","34.5999984741211","34.7999992370605","30.5","31.7000007629395","30.7999992370605","31.2999992370605","31","32","32.9000015258789","33.5","31.8999996185303","34.5999984741211","",
"Benin","BEN","Female share of employment in senior and middle management (%)","SL.EMP.SMGT.FE.ZS","","","","","","","","","","","","","","","","","","","","","","","","","","","","","","","","","","","","","","","","","","","","","","","","","","","","","","","","","","","","","","",
"Burkina Faso","BFA","Female share of employment in senior and middle management (%)","SL.EMP.SMGT.FE.ZS","","","","","","","","","","","","","","","","","","","","","","","","","","","","","","","","","","","","","","","","","","","","","","","","","","","","","","","","","","","24","","","",
"Bangladesh","BGD","Female share of employment in senior and middle management (%)","SL.EMP.SMGT.FE.ZS","","","","","","","","","","","","","","","","","","","","","","","","","","","","","","","","","","","","","","","","","","","","","","","10.8999996185303","","","","10","","","","","","","11.5","","","","",
"Bulgaria","BGR","Female share of employment in senior and middle management (%)","SL.EMP.SMGT.FE.ZS","","","","","","","","","","","","","","","","","","","","","","","","","","","","","","","","","","","","","","","","","37.5","40.5","42.2999992370605","37.7999992370605","41.4000015258789","40.5999984741211","37.5999984741211","36.4000015258789","36.5","35.7999992370605","38.5999984741211","37","35.5","36","35.4000015258789","37.4000015258789","39.2999992370605","39.2999992370605","39.2999992370605","39.2000007629395","42.4000015258789","",
"Bahrain","BHR","Female share of employment in senior and middle management (%)","SL.EMP.SMGT.FE.ZS","","","","","","","","","","","","","","","","","","","","","","","","","","","","","","","","","","","","","","","","","","","","","","","","","","","","","","","","","","","","","","",
"Bahamas, The","BHS","Female share of employment in senior and middle management (%)","SL.EMP.SMGT.FE.ZS","","","","","","","","","","","","","","","","","","","","","","","","","","","","","","","","","","","","","","","","","","","","","","","","","","","","","","","","","","","","","","",
"Bosnia and Herzegovina","BIH","Female share of employment in senior and middle management (%)","SL.EMP.SMGT.FE.ZS","","","","","","","","","","","","","","","","","","","","","","","","","","","","","","","","","","","","","","","","","","","","","","","23.7000007629395","20.2999992370605","33.2999992370605","27.7000007629395","23.7999992370605","22.6000003814697","23","21.3999996185303","24.2000007629395","24.2000007629395","18.7999992370605","18.7999992370605","26.1000003814697","25.3999996185303","24.8999996185303","20.3999996185303",
"Belarus","BLR","Female share of employment in senior and middle management (%)","SL.EMP.SMGT.FE.ZS","","","","","","","","","","","","","","","","","","","","","","","","","","","","","","","","","","","","","","","","","","","","","","","","","","","","","","","","","46","47.5999984741211","44.7000007629395","45.7999992370605","47.7999992370605","",
"Belize","BLZ","Female share of employment in senior and middle management (%)","SL.EMP.SMGT.FE.ZS","","","","","","","","","","","","","","","","","","","","","","","","","","","","","","","","","","","","","","","","","","","","","","","","","","","","","","","","39.0999984741211","41.7000007629395","","","","","",
"Bermuda","BMU","Female share of employment in senior and middle management (%)","SL.EMP.SMGT.FE.ZS","","","","","","","","","","","","","","","","","","","","","","","","","","","","","","","","","","","","","","","","","","","","","","","","","","","","","","","","","","","","","","",
"Bolivia","BOL","Female share of employment in senior and middle management (%)","SL.EMP.SMGT.FE.ZS","","","","","","","","","","","","","","","","","","","","","","","","","","","","","","","","","","","","","","","","30.7000007629395","37.9000015258789","18.5","","","","32","","29","34.7000007629395","35.0999984741211","","35.7000007629395","32","31.1000003814697","35.5","34.4000015258789","30","26.7999992370605","30.3999996185303","28.2000007629395","30.8999996185303","",
"Brazil","BRA","Female share of employment in senior and middle management (%)","SL.EMP.SMGT.FE.ZS","","","","","","","","","","","","","","","","","","","","","","","","","","","","","","","","","","","","","","","","","","","35","34.2000007629395","35.7000007629395","38.0999984741211","36.2999992370605","37.7000007629395","35.7999992370605","35.2000007629395","","36.5999984741211","35.5999984741211","36.2000007629395","36.5","37.0999984741211","37.5","37.5999984741211","37.7999992370605","37.5","35.4000015258789","37.0999984741211",
"Barbados","BRB","Female share of employment in senior and middle management (%)","SL.EMP.SMGT.FE.ZS","","","","","","","","","","","","","","","","","","","","","","","","","","","","","","","","","","","","","","","","","","","","","","","","","","","","","","","","61.2999992370605","52.2999992370605","52.9000015258789","49.4000015258789","47.7000007629395","","",
"Brunei Darussalam","BRN","Female share of employment in senior and middle management (%)","SL.EMP.SMGT.FE.ZS","","","","","","","","","","","","","","","","","","","","","","","","","","","","","","","","","","","","","","","","","","","","","","","","","","","","","","","32.5","","","37","34.5999984741211","32.2999992370605","37.4000015258789","",
"Bhutan","BTN","Female share of employment in senior and middle management (%)","SL.EMP.SMGT.FE.ZS","","","","","","","","","","","","","","","","","","","","","","","","","","","","","","","","","","","","","","","","","","","","","","","","","","","","","","","","","","","","","","",
"Botswana","BWA","Female share of employment in senior and middle management (%)","SL.EMP.SMGT.FE.ZS","","","","","","","","","","","","","","","","","","","","","","","","","","","","","","","","","","","","","","","","","","","","","","","","","","29.6000003814697","","","","","","","","","","57.7999992370605","56.7000007629395","",
"Central African Republic","CAF","Female share of employment in senior and middle management (%)","SL.EMP.SMGT.FE.ZS","","","","","","","","","","","","","","","","","","","","","","","","","","","","","","","","","","","","","","","","","","","","","","","","","","","","","","","","","","","","","","",
"Canada","CAN","Female share of employment in senior and middle management (%)","SL.EMP.SMGT.FE.ZS","","","","","","","","","","","","","","","","","","","","","","","","","","","","","","","","","","","","","","","","","","","","","","","","","","","","","","","","","","","","","","",
"Central Europe and the Baltics","CEB","Female share of employment in senior and middle management (%)","SL.EMP.SMGT.FE.ZS","","","","","","","","","","","","","","","","","","","","","","","","","","","","","","","","","","","","","","","","","","","","","","","","","","","","","","","","","","","","","","",
"Switzerland","CHE","Female share of employment in senior and middle management (%)","SL.EMP.SMGT.FE.ZS","","","","","","","","","","","","","","","","","","","","","","","","","","","","","","","","","","","","","","","","","16.1000003814697","30.1000003814697","44.5999984741211","50.2999992370605","47.7999992370605","41.9000015258789","49.0999984741211","45.4000015258789","44.7999992370605","46.5999984741211","47.0999984741211","28.7000007629395","28.7000007629395","28.3999996185303","28.5","30.3999996185303","30.7999992370605","28.7999992370605","30.5","32.5","31.8999996185303","",
"Channel Islands","CHI","Female share of employment in senior and middle management (%)","SL.EMP.SMGT.FE.ZS","","","","","","","","","","","","","","","","","","","","","","","","","","","","","","","","","","","","","","","","","","","","","","","","","","","","","","","","","","","","","","",
"Chile","CHL","Female share of employment in senior and middle management (%)","SL.EMP.SMGT.FE.ZS","","","","","","","","","","","","","","","","","","","","","","","","","","","","","","","","","25.5","","29","","31.6000003814697","","33.5999984741211","","35.5","","","42.5999984741211","","","28.7999992370605","","","28.2999992370605","","48.5","","44.7000007629395","","46.4000015258789","","43.0999984741211","","","","",
"China","CHN","Female share of employment in senior and middle management (%)","SL.EMP.SMGT.FE.ZS","","","","","","","","","","","","","","","","","","","","","","","","","","","","","","","","","","","","","","","","","","","","","","","","","","","","","","","","","","","","","","",
"Cote d'Ivoire","CIV","Female share of employment in senior and middle management (%)","SL.EMP.SMGT.FE.ZS","","","","","","","","","","","","","","","","","","","","","","","","","","","","","","","","","","","","","","","","","","","","","","","","","","","","","","","","","22.2000007629395","22.2000007629395","","","","",
"Cameroon","CMR","Female share of employment in senior and middle management (%)","SL.EMP.SMGT.FE.ZS","","","","","","","","","","","","","","","","","","","","","","","","","","","","","","","","","","","","","","","","","","","","","","","","","","","","","","","","","","","","","","",
"Congo, Dem. Rep.","COD","Female share of employment in senior and middle management (%)","SL.EMP.SMGT.FE.ZS","","","","","","","","","","","","","","","","","","","","","","","","","","","","","","","","","","","","","","","","","","","","","","5.5","","","","","","","","","","","","","","","","",
"Congo, Rep.","COG","Female share of employment in senior and middle management (%)","SL.EMP.SMGT.FE.ZS","","","","","","","","","","","","","","","","","","","","","","","","","","","","","","","","","","","","","","","","","","","","","","","","","","","","","","","","","","","","","","",
"Colombia","COL","Female share of employment in senior and middle management (%)","SL.EMP.SMGT.FE.ZS","","","","","","","","","","","","","","","","","","","","","","","","","","","","","","","","","","","","","","","","","","","27","28.7000007629395","28.5","27","","39.5999984741211","28.8999996185303","26.7999992370605","26.3999996185303","27","27","28.7000007629395","28.2999992370605","28.6000003814697","29","29.2999992370605","30.3999996185303","31","30.1000003814697","30.2999992370605",
"Comoros","COM","Female share of employment in senior and middle management (%)","SL.EMP.SMGT.FE.ZS","","","","","","","","","","","","","","","","","","","","","","","","","","","","","","","","","","","","","","","","","","","","","","","","","","","","","","","","","","","","","","",
"Cabo Verde","CPV","Female share of employment in senior and middle management (%)","SL.EMP.SMGT.FE.ZS","","","","","","","","","","","","","","","","","","","","","","","","","","","","","","","","","","","","","","","","","","","","","","","","","","","","","","","","","","","","","","",
"Costa Rica","CRI","Female share of employment in senior and middle management (%)","SL.EMP.SMGT.FE.ZS","","","","","","","","","","","","","","","","","","","","","","","","","","","","","","","","","","","","","","","","","","25.2000007629395","26.2999992370605","29","26.2000007629395","24.8999996185303","29.8999996185303","26.6000003814697","","","","","","","","","","41.4000015258789","37.5","42.7999992370605","62.0999984741211","41.5999984741211",
"Caribbean small states","CSS","Female share of employment in senior and middle management (%)","SL.EMP.SMGT.FE.ZS","","","","","","","","","","","","","","","","","","","","","","","","","","","","","","","","","","","","","","","","","","","","","","","","","","","","","","","","","","","","","","",
"Cuba","CUB","Female share of employment in senior and middle management (%)","SL.EMP.SMGT.FE.ZS","","","","","","","","","","","","","","","","","","","","","","","","","","","","","","","","","","","","","","","","","","","","","","","","","","","","","","","","","","","","","","",
"Curacao","CUW","Female share of employment in senior and middle management (%)","SL.EMP.SMGT.FE.ZS","","","","","","","","","","","","","","","","","","","","","","","","","","","","","","","","","","","","","","","","","","","","","","","","","","","","","","","","","","","","","","",
"Cayman Islands","CYM","Female share of employment in senior and middle management (%)","SL.EMP.SMGT.FE.ZS","","","","","","","","","","","","","","","","","","","","","","","","","","","","","","","","","","","","","","","","","","","","","","","","","","","","","","","","","","","","","","",
"Cyprus","CYP","Female share of employment in senior and middle management (%)","SL.EMP.SMGT.FE.ZS","","","","","","","","","","","","","","","","","","","","","","","","","","","","","","","","","","","","","","","","","18.5","18.5","17.2999992370605","17.8999996185303","17","17.1000003814697","17.2000007629395","17.7000007629395","20.3999996185303","13.8000001907349","14.3000001907349","14.6999998092651","16.3999996185303","18.7000007629395","18.1000003814697","25.2000007629395","27","22.3999996185303","19.7000007629395","23.7000007629395","25.2000007629395","",
"Czech Republic","CZE","Female share of employment in senior and middle management (%)","SL.EMP.SMGT.FE.ZS","","","","","","","","","","","","","","","","","","","","","","","","","","","","","","","","","","","","","","","","","26.7999992370605","29.2999992370605","28.5","31.7000007629395","30.2999992370605","31.6000003814697","30.7000007629395","29.5","29.2999992370605","28.8999996185303","27.7999992370605","24","23.1000003814697","24.5","26.6000003814697","27.7999992370605","23.1000003814697","24.1000003814697","26.6000003814697","26.6000003814697","27.3999996185303","",
"Germany","DEU","Female share of employment in senior and middle management (%)","SL.EMP.SMGT.FE.ZS","","","","","","","","","","","","","","","","","","","","","","","","","","","","","","","","","","","","","","","","","20.7000007629395","20.6000003814697","22","23.1000003814697","22.7999992370605","23.6000003814697","24.2000007629395","24.7999992370605","25.7000007629395","26.7999992370605","27.5","27.8999996185303","27.1000003814697","27.5","27.7999992370605","28","28.1000003814697","28.2000007629395","28.6000003814697","28.6000003814697","27.1000003814697","",
"Djibouti","DJI","Female share of employment in senior and middle management (%)","SL.EMP.SMGT.FE.ZS","","","","","","","","","","","","","","","","","","","","","","","","","","","","","","","","","","","","","","","","","","","","","","","","","","","","","","","","","","","","","","",
"Dominica","DMA","Female share of employment in senior and middle management (%)","SL.EMP.SMGT.FE.ZS","","","","","","","","","","","","","","","","","","","","","","","","","","","","","","","","","","","","","","","","","","","","","","","","","","","","","","","","","","","","","","",
"Denmark","DNK","Female share of employment in senior and middle management (%)","SL.EMP.SMGT.FE.ZS","","","","","","","","","","","","","","","","","","","","","","","","","","","","","","","","","","","","","","","","","18.7000007629395","16.7000007629395","18","20","18.8999996185303","20.6000003814697","19.2000007629395","25.2999992370605","18.2999992370605","18.7999992370605","17.7000007629395","28.5","24.5","23.7000007629395","23.3999996185303","26.2000007629395","28","27","26.2999992370605","26.6000003814697","28","",
"Dominican Republic","DOM","Female share of employment in senior and middle management (%)","SL.EMP.SMGT.FE.ZS","","","","","","","","","","","","","","","","","","","","","","","","","","","","","","","","","","","","","","","","","36.9000015258789","40","31.5","39","40.2999992370605","45.0999984741211","45","38.5999984741211","37.5","45.4000015258789","46.2000007629395","51.7999992370605","58","46.5999984741211","46.7000007629395","48.2999992370605","47.5999984741211","51.2999992370605","45.5999984741211","50.5999984741211","47.5999984741211","",
"Algeria","DZA","Female share of employment in senior and middle management (%)","SL.EMP.SMGT.FE.ZS","","","","","","","","","","","","","","","","","","","","","","","","","","","","","","","","","","","","","","","","","","","","","","","","","","","","","","","","","","","","","","",
"East Asia & Pacific (excluding high income)","EAP","Female share of employment in senior and middle management (%)","SL.EMP.SMGT.FE.ZS","","","","","","","","","","","","","","","","","","","","","","","","","","","","","","","","","","","","","","","","","","","","","","","","","","","","","","","","","","","","","","",
"Early-demographic dividend","EAR","Female share of employment in senior and middle management (%)","SL.EMP.SMGT.FE.ZS","","","","","","","","","","","","","","","","","","","","","","","","","","","","","","","","","","","","","","","","","","","","","","","","","","","","","","","","","","","","","","",
"East Asia & Pacific","EAS","Female share of employment in senior and middle management (%)","SL.EMP.SMGT.FE.ZS","","","","","","","","","","","","","","","","","","","","","","","","","","","","","","","","","","","","","","","","","","","","","","","","","","","","","","","","","","","","","","",
"Europe & Central Asia (excluding high income)","ECA","Female share of employment in senior and middle management (%)","SL.EMP.SMGT.FE.ZS","","","","","","","","","","","","","","","","","","","","","","","","","","","","","","","","","","","","","","","","","","","","","","","","","","","","","","","","","","","","","","",
"Europe & Central Asia","ECS","Female share of employment in senior and middle management (%)","SL.EMP.SMGT.FE.ZS","","","","","","","","","","","","","","","","","","","","","","","","","","","","","","","","","","","","","","","","","","","","","","","","","","","","","","","","","","","","","","",
"Ecuador","ECU","Female share of employment in senior and middle management (%)","SL.EMP.SMGT.FE.ZS","","","","","","","","","","","","","","","","","","","","","","","","","","","","","","","","","","","","","","","","","","","","34.4000015258789","32.9000015258789","33.7000007629395","30.2000007629395","40.0999984741211","33.5999984741211","32.7000007629395","33.5999984741211","43.9000015258789","43.2000007629395","34.5999984741211","35.7000007629395","33.5","34","35.2999992370605","35.5","37.2999992370605","39.4000015258789","37.5999984741211",
"Egypt, Arab Rep.","EGY","Female share of employment in senior and middle management (%)","SL.EMP.SMGT.FE.ZS","","","","","","","","","","","","","","","","","","","","","","","","","","","","","","","","","","","","","","","","","","","","","","","","","13.8999996185303","14","13.8999996185303","13.5","9.69999980926514","7.09999990463257","","6.40000009536743","7.09999990463257","6.40000009536743","7.40000009536743","7.09999990463257","","",
"Euro area","EMU","Female share of employment in senior and middle management (%)","SL.EMP.SMGT.FE.ZS","","","","","","","","","","","","","","","","","","","","","","","","","","","","","","","","","","","","","","","","","","","","","","","","","","","","","","","","","","","","","","",
"Eritrea","ERI","Female share of employment in senior and middle management (%)","SL.EMP.SMGT.FE.ZS","","","","","","","","","","","","","","","","","","","","","","","","","","","","","","","","","","","","","","","","","","","","","","","","","","","","","","","","","","","","","","",
"Spain","ESP","Female share of employment in senior and middle management (%)","SL.EMP.SMGT.FE.ZS","","","","","","","","","","","","","","","","","","","","","","","","","","","","","","","","","","","","","","","","","15.5","17.6000003814697","18.1000003814697","15.8999996185303","19.1000003814697","21.5","23.1000003814697","23.7999992370605","23.7000007629395","24.7000007629395","27.1000003814697","28.1000003814697","28.7999992370605","29.3999996185303","29.5","30.3999996185303","30.2999992370605","30.8999996185303","31.8999996185303","33.7000007629395","36.5","",
"Estonia","EST","Female share of employment in senior and middle management (%)","SL.EMP.SMGT.FE.ZS","","","","","","","","","","","","","","","","","","","","","","","","","","","","","","","","","","","","","","","","","34.7999992370605","38.2000007629395","37.2000007629395","34.7999992370605","41.2000007629395","41","39.5999984741211","34.9000015258789","36.5999984741211","34.2999992370605","38.4000015258789","34.5999984741211","31.6000003814697","32.7999992370605","30.7999992370605","28.1000003814697","31.7999992370605","34.7000007629395","33.5","35.5","35.9000015258789","",
"Ethiopia","ETH","Female share of employment in senior and middle management (%)","SL.EMP.SMGT.FE.ZS","","","","","","","","","","","","","","","","","","","","","","","","","","","","","","","","","","","","","","","","14.1000003814697","","","","","","15.1000003814697","","","","","","","","21.1000003814697","","","","","","","","",
"European Union","EUU","Female share of employment in senior and middle management (%)","SL.EMP.SMGT.FE.ZS","","","","","","","","","","","","","","","","","","","","","","","","","","","","","","","","","","","","","","","","","","","","","","","","","","","","","","","","","","","","","","",
"Fragile and conflict affected situations","FCS","Female share of employment in senior and middle management (%)","SL.EMP.SMGT.FE.ZS","","","","","","","","","","","","","","","","","","","","","","","","","","","","","","","","","","","","","","","","","","","","","","","","","","","","","","","","","","","","","","",
"Finland","FIN","Female share of employment in senior and middle management (%)","SL.EMP.SMGT.FE.ZS","","","","","","","","","","","","","","","","","","","","","","","","","","","","","","","","","","","","","","","","","27.6000003814697","29.7000007629395","30.2000007629395","30.8999996185303","30.7000007629395","32.7000007629395","33.9000015258789","32.2999992370605","33.5999984741211","34.7000007629395","34.2999992370605","31.1000003814697","29.7000007629395","29.5","34.2999992370605","33.5","34.0999984741211","31.3999996185303","32","36.7999992370605","37.5","",
"Fiji","FJI","Female share of employment in senior and middle management (%)","SL.EMP.SMGT.FE.ZS","","","","","","","","","","","","","","","","","","","","","","","","","","","","","","","","","","","","","","","","","","","","","","","","","","","","30.7000007629395","","","","","38.5999984741211","","","","","",
"France","FRA","Female share of employment in senior and middle management (%)","SL.EMP.SMGT.FE.ZS","","","","","","","","","","","","","","","","","","","","","","","","","","","","","","","","","","","","","","","","","31.7000007629395","32.5999984741211","34.5","32.5","33.0999984741211","36.2999992370605","37","36.5","36.7999992370605","37.4000015258789","38.5","39.0999984741211","39.2000007629395","35.5999984741211","32","31","31.2000007629395","32.5999984741211","34.4000015258789","34.2999992370605","34.9000015258789","",
"Faroe Islands","FRO","Female share of employment in senior and middle management (%)","SL.EMP.SMGT.FE.ZS","","","","","","","","","","","","","","","","","","","","","","","","","","","","","","","","","","","","","","","","","","","","","","","","","","","","","","","","","","","","","","",
"Micronesia, Fed. Sts.","FSM","Female share of employment in senior and middle management (%)","SL.EMP.SMGT.FE.ZS","","","","","","","","","","","","","","","","","","","","","","","","","","","","","","","","","","","","","","","","","","","","","","","","","","","","","","","18.2000007629395","","","","","","","",
"Gabon","GAB","Female share of employment in senior and middle management (%)","SL.EMP.SMGT.FE.ZS","","","","","","","","","","","","","","","","","","","","","","","","","","","","","","","","","","","","","","","","","","","","","","","","","","","","","","","","","","","","","","",
"United Kingdom","GBR","Female share of employment in senior and middle management (%)","SL.EMP.SMGT.FE.ZS","","","","","","","","","","","","","","","","","","","","","","","","","","","","","","","","","","","","","","","","","34.7000007629395","29.6000003814697","31.3999996185303","31.5","32.5","33.5999984741211","34.2999992370605","34.4000015258789","34.7999992370605","35.4000015258789","36","32.0999984741211","32.4000015258789","32.2999992370605","32.9000015258789","32.4000015258789","33.7999992370605","34.4000015258789","34.2000007629395","34.9000015258789","","",
"Georgia","GEO","Female share of employment in senior and middle management (%)","SL.EMP.SMGT.FE.ZS","","","","","","","","","","","","","","","","","","","","","","","","","","","","","","","","","","","","","","","","","","","","","","","","","","30","29.7999992370605","33.5","31","32.7999992370605","33.7999992370605","38.7999992370605","44.2000007629395","32","35.7000007629395","36.7000007629395","33.7999992370605","",
"Ghana","GHA","Female share of employment in senior and middle management (%)","SL.EMP.SMGT.FE.ZS","","","","","","","","","","","","","","","","","","","","","","","","","","","","","","","","","","","","","","","","","","","","","","","11.6000003814697","","","","","","","26.7000007629395","","33.0999984741211","","26.6000003814697","","","","",
"Gibraltar","GIB","Female share of employment in senior and middle management (%)","SL.EMP.SMGT.FE.ZS","","","","","","","","","","","","","","","","","","","","","","","","","","","","","","","","","","","","","","","","","","","","","","","","","","","","","","","","","","","","","","",
"Guinea","GIN","Female share of employment in senior and middle management (%)","SL.EMP.SMGT.FE.ZS","","","","","","","","","","","","","","","","","","","","","","","","","","","","","","","","","","","","","","","","","","","","","","","","","","","","","","","","","","","","","","",
"Gambia, The","GMB","Female share of employment in senior and middle management (%)","SL.EMP.SMGT.FE.ZS","","","","","","","","","","","","","","","","","","","","","","","","","","","","","","","","","","","","","","","","","","","","","","","","","","","","","32.7000007629395","","","","","","","","","",
"Guinea-Bissau","GNB","Female share of employment in senior and middle management (%)","SL.EMP.SMGT.FE.ZS","","","","","","","","","","","","","","","","","","","","","","","","","","","","","","","","","","","","","","","","","","","","","","","","","","","","","","","","","","","","","","",
"Equatorial Guinea","GNQ","Female share of employment in senior and middle management (%)","SL.EMP.SMGT.FE.ZS","","","","","","","","","","","","","","","","","","","","","","","","","","","","","","","","","","","","","","","","","","","","","","","","","","","","","","","","","","","","","","",
"Greece","GRC","Female share of employment in senior and middle management (%)","SL.EMP.SMGT.FE.ZS","","","","","","","","","","","","","","","","","","","","","","","","","","","","","","","","","","","","","","","","","19.8999996185303","18.6000003814697","15.5","20.7000007629395","21.2000007629395","23.7000007629395","22.5","22.7999992370605","26.2999992370605","27","26.8999996185303","22","22.2000007629395","25.7999992370605","27.7999992370605","24.7000007629395","24.7000007629395","29.7000007629395","30.5","29.7999992370605","27.6000003814697","",
"Grenada","GRD","Female share of employment in senior and middle management (%)","SL.EMP.SMGT.FE.ZS","","","","","","","","","","","","","","","","","","","","","","","","","","","","","","","","","","","","","","","","","","","","","","","","","","","","","","","","","","","","","","",
"Greenland","GRL","Female share of employment in senior and middle management (%)","SL.EMP.SMGT.FE.ZS","","","","","","","","","","","","","","","","","","","","","","","","","","","","","","","","","","","","","","","","","","","","","","","","","","","","","","","","","","","","","","",
"Guatemala","GTM","Female share of employment in senior and middle management (%)","SL.EMP.SMGT.FE.ZS","","","","","","","","","","","","","","","","","","","","","","","","","","","","","","","","","","","","","","","","","","","","25.5","46.5999984741211","","32.5999984741211","","","","33.2000007629395","60.7000007629395","35.5999984741211","29.3999996185303","35.4000015258789","34.5999984741211","39.2000007629395","34.5","37.7999992370605","39.4000015258789","","",
"Guam","GUM","Female share of employment in senior and middle management (%)","SL.EMP.SMGT.FE.ZS","","","","","","","","","","","","","","","","","","","","","","","","","","","","","","","","","","","","","","","","","","","","","","","","","","","","","","","","","","","","","","",
"Guyana","GUY","Female share of employment in senior and middle management (%)","SL.EMP.SMGT.FE.ZS","","","","","","","","","","","","","","","","","","","","","","","","","","","","","","","","","","","","","","","","","","","","","","","","","","","","","","","","","","","38.5","45.9000015258789","","",
"High income","HIC","Female share of employment in senior and middle management (%)","SL.EMP.SMGT.FE.ZS","","","","","","","","","","","","","","","","","","","","","","","","","","","","","","","","","","","","","","","","","","","","","","","","","","","","","","","","","","","","","","",
"Hong Kong SAR, China","HKG","Female share of employment in senior and middle management (%)","SL.EMP.SMGT.FE.ZS","","","","","","","","","","","","","","","","","","","","","","","","","","","","","","","","","","","","","","","","","","","","","","","","","","","","","","","","","","","","","","",
"Honduras","HND","Female share of employment in senior and middle management (%)","SL.EMP.SMGT.FE.ZS","","","","","","","","","","","","","","","","","","","","","","","","","","","","","","","","","","","","","","","","","","","","","","33.2000007629395","33.7999992370605","33.7999992370605","33.2999992370605","34.2000007629395","35.5","31.6000003814697","35.9000015258789","36.2000007629395","42.2999992370605","42.4000015258789","41.0999984741211","41","47.0999984741211","47.5","39.7000007629395","",
"Heavily indebted poor countries (HIPC)","HPC","Female share of employment in senior and middle management (%)","SL.EMP.SMGT.FE.ZS","","","","","","","","","","","","","","","","","","","","","","","","","","","","","","","","","","","","","","","","","","","","","","","","","","","","","","","","","","","","","","",
"Croatia","HRV","Female share of employment in senior and middle management (%)","SL.EMP.SMGT.FE.ZS","","","","","","","","","","","","","","","","","","","","","","","","","","","","","","","","","","","","","","","","","","","26.7999992370605","28.2999992370605","17.5","28.2000007629395","27.5","22.7000007629395","32.0999984741211","37.2000007629395","27.3999996185303","23.6000003814697","25.7999992370605","23.8999996185303","24.3999996185303","26.1000003814697","29.5","27.8999996185303","26.1000003814697","24.2999992370605","29.1000003814697","",
"Haiti","HTI","Female share of employment in senior and middle management (%)","SL.EMP.SMGT.FE.ZS","","","","","","","","","","","","","","","","","","","","","","","","","","","","","","","","","","","","","","","","","","","","","","","","","","","","","","","","","","","","","","",
"Hungary","HUN","Female share of employment in senior and middle management (%)","SL.EMP.SMGT.FE.ZS","","","","","","","","","","","","","","","","","","","","","","","","","","","","","","","","","","","","","","","","","34.2000007629395","37.5999984741211","37.9000015258789","37.2000007629395","36.5999984741211","39.4000015258789","40.9000015258789","39","40.7999992370605","39.9000015258789","40","38.2000007629395","36.2999992370605","38.2999992370605","37.5999984741211","39.0999984741211","37.7000007629395","37.5999984741211","37.0999984741211","35.9000015258789","36.7999992370605","",
"IBRD only","IBD","Female share of employment in senior and middle management (%)","SL.EMP.SMGT.FE.ZS","","","","","","","","","","","","","","","","","","","","","","","","","","","","","","","","","","","","","","","","","","","","","","","","","","","","","","","","","","","","","","",
"IDA & IBRD total","IBT","Female share of employment in senior and middle management (%)","SL.EMP.SMGT.FE.ZS","","","","","","","","","","","","","","","","","","","","","","","","","","","","","","","","","","","","","","","","","","","","","","","","","","","","","","","","","","","","","","",
"IDA total","IDA","Female share of employment in senior and middle management (%)","SL.EMP.SMGT.FE.ZS","","","","","","","","","","","","","","","","","","","","","","","","","","","","","","","","","","","","","","","","","","","","","","","","","","","","","","","","","","","","","","",
"IDA blend","IDB","Female share of employment in senior and middle management (%)","SL.EMP.SMGT.FE.ZS","","","","","","","","","","","","","","","","","","","","","","","","","","","","","","","","","","","","","","","","","","","","","","","","","","","","","","","","","","","","","","",
"Indonesia","IDN","Female share of employment in senior and middle management (%)","SL.EMP.SMGT.FE.ZS","","","","","","","","","","","","","","","","","","","","","","","","","","","","","","","","","","","16.2000007629395","","","","","","","","","","","","","15.8000001907349","16.3999996185303","18.1000003814697","19.3999996185303","","","","","","","","","","","",
"IDA only","IDX","Female share of employment in senior and middle management (%)","SL.EMP.SMGT.FE.ZS","","","","","","","","","","","","","","","","","","","","","","","","","","","","","","","","","","","","","","","","","","","","","","","","","","","","","","","","","","","","","","",
"Isle of Man","IMN","Female share of employment in senior and middle management (%)","SL.EMP.SMGT.FE.ZS","","","","","","","","","","","","","","","","","","","","","","","","","","","","","","","","","","","","","","","","","","","","","","","","","","","","","","","","","","","","","","",
"India","IND","Female share of employment in senior and middle management (%)","SL.EMP.SMGT.FE.ZS","","","","","","","","","","","","","","","","","","","","","","","","","","","","","","","","","","","","","","","","","","","","","","","","","","","12.3000001907349","","13","","","","","","13.6999998092651","14.8000001907349","17.7000007629395","",
"Not classified","INX","Female share of employment in senior and middle management (%)","SL.EMP.SMGT.FE.ZS","","","","","","","","","","","","","","","","","","","","","","","","","","","","","","","","","","","","","","","","","","","","","","","","","","","","","","","","","","","","","","",
"Ireland","IRL","Female share of employment in senior and middle management (%)","SL.EMP.SMGT.FE.ZS","","","","","","","","","","","","","","","","","","","","","","","","","","","","","","","","","","","","","","","","","33.7000007629395","38.2999992370605","38.7000007629395","40.7999992370605","39.7000007629395","43.5999984741211","41.4000015258789","40.2999992370605","42.2000007629395","40.0999984741211","39.7999992370605","30.6000003814697","29.8999996185303","29.8999996185303","31","29.8999996185303","31.8999996185303","31","32.2000007629395","30.3999996185303","32.4000015258789","",
"Iran, Islamic Rep.","IRN","Female share of employment in senior and middle management (%)","SL.EMP.SMGT.FE.ZS","","","","","","","","","","","","","","","","","","","","","","","","","","","","","","","","","","","","","","","","","","","","","","6.90000009536743","7.30000019073486","4.30000019073486","","1.89999997615814","7.40000009536743","7.09999990463257","1.20000004768372","3.59999990463257","4.5","11.1999998092651","11.6999998092651","20.5","21.7000007629395","19.7999992370605","18.7000007629395","",
"Iraq","IRQ","Female share of employment in senior and middle management (%)","SL.EMP.SMGT.FE.ZS","","","","","","","","","","","","","","","","","","","","","","","","","","","","","","","","","","","","","","","","","","","","","","","","13.6000003814697","","","","","22.7000007629395","","","","","","","","","",
"Iceland","ISL","Female share of employment in senior and middle management (%)","SL.EMP.SMGT.FE.ZS","","","","","","","","","","","","","","","","","","","","","","","","","","","","","","","","","","","","","","","","","30.3999996185303","30.2000007629395","32.2999992370605","40","38.0999984741211","30","34","33.0999984741211","37","38.4000015258789","37.0999984741211","39.0999984741211","38.2000007629395","37.9000015258789","38.2000007629395","39.5","34.7999992370605","33","43","44","38.5999984741211","",
"Israel","ISR","Female share of employment in senior and middle management (%)","SL.EMP.SMGT.FE.ZS","","","","","","","","","","","","","","","","","","","","","","","","","","","","","","","","","","","","","","","","","","","","","","","","","","","","","31.7000007629395","32.5","32.4000015258789","31.8999996185303","34.2999992370605","34.7999992370605","","","","",
"Italy","ITA","Female share of employment in senior and middle management (%)","SL.EMP.SMGT.FE.ZS","","","","","","","","","","","","","","","","","","","","","","","","","","","","","","","","","","","","","","","","","14.3000001907349","18.7999992370605","20.2000007629395","20.7999992370605","18.7999992370605","19.7000007629395","21.7999992370605","22","21.6000003814697","21.6000003814697","21.2000007629395","21.6000003814697","22.2000007629395","22","21.8999996185303","21.7999992370605","22","22.3999996185303","23.2000007629395","23.2999992370605","23","",
"Jamaica","JAM","Female share of employment in senior and middle management (%)","SL.EMP.SMGT.FE.ZS","","","","","","","","","","","","","","","","","","","","","","","","","","","","","","","","","","","","","","","","","","","","","","","","","61.4000015258789","61.5","63.2999992370605","60.2999992370605","62.5","64","63.9000015258789","","","","","","","",
"Jordan","JOR","Female share of employment in senior and middle management (%)","SL.EMP.SMGT.FE.ZS","","","","","","","","","","","","","","","","","","","","","","","","","","","","","","","","","","","","","","","","","","","","","","","","","","","","","","","","","","63.2999992370605","58.2000007629395","62","60.2000007629395","",
"Japan","JPN","Female share of employment in senior and middle management (%)","SL.EMP.SMGT.FE.ZS","","","","","","","","","","","","","","","","","","","","","","","","","","","","","","","","","","","","","","","","","9.39999961853027","9.19999980926514","9.69999980926514","9.5","9.5","9.89999961853027","10.1999998092651","9.5","9.5","10.1999998092651","10.3999996185303","11.6999998092651","11.3000001907349","10.8999996185303","11.3999996185303","12","13.3000001907349","12.8000001907349","","","","",
"Kazakhstan","KAZ","Female share of employment in senior and middle management (%)","SL.EMP.SMGT.FE.ZS","","","","","","","","","","","","","","","","","","","","","","","","","","","","","","","","","","","","","","","","","","","","","","","","","","","","","","","","","","","","","","",
"Kenya","KEN","Female share of employment in senior and middle management (%)","SL.EMP.SMGT.FE.ZS","","","","","","","","","","","","","","","","","","","","","","","","","","","","","","","","","","","","","","","","13.1999998092651","","","","","","","","","","","","","","","","","","","","49.5999984741211","","",
"Kyrgyz Republic","KGZ","Female share of employment in senior and middle management (%)","SL.EMP.SMGT.FE.ZS","","","","","","","","","","","","","","","","","","","","","","","","","","","","","","","","","","","","","","","","","","","","","","","","","","","","","","","","","","","37.7999992370605","40.9000015258789","42.5","",
"Cambodia","KHM","Female share of employment in senior and middle management (%)","SL.EMP.SMGT.FE.ZS","","","","","","","","","","","","","","","","","","","","","","","","","","","","","","","","","","","","","","","","","15.3999996185303","10.6000003814697","","","","","","27.7000007629395","18.7000007629395","17.5","12.8000001907349","14.6000003814697","16.7000007629395","22.5","15.8999996185303","25.1000003814697","33.0999984741211","20.2000007629395","","29.2000007629395","","",
"Kiribati","KIR","Female share of employment in senior and middle management (%)","SL.EMP.SMGT.FE.ZS","","","","","","","","","","","","","","","","","","","","","","","","","","","","","","","","","","","","","","","","","","","","","","","","","","","","","","","","37.2000007629395","","","","","","",
"St. Kitts and Nevis","KNA","Female share of employment in senior and middle management (%)","SL.EMP.SMGT.FE.ZS","","","","","","","","","","","","","","","","","","","","","","","","","","","","","","","","","","","","","","","","","","","","","","","","","","","","","","","","","","","","","","",
"Korea, Rep.","KOR","Female share of employment in senior and middle management (%)","SL.EMP.SMGT.FE.ZS","","","","","","","","","","","","","","","","","","","","","","","","","","","","","","","","","","","","","","","","","","","","","","","","","","","","","","","","","","","","","","",
"Kuwait","KWT","Female share of employment in senior and middle management (%)","SL.EMP.SMGT.FE.ZS","","","","","","","","","","","","","","","","","","","","","","","","","","","","","","","","","","","","","","","","","","","","","","","","","","","","","","","","","","","","","","",
"Latin America & Caribbean (excluding high income)","LAC","Female share of employment in senior and middle management (%)","SL.EMP.SMGT.FE.ZS","","","","","","","","","","","","","","","","","","","","","","","","","","","","","","","","","","","","","","","","","","","","","","","","","","","","","","","","","","","","","","",
"Lao PDR","LAO","Female share of employment in senior and middle management (%)","SL.EMP.SMGT.FE.ZS","","","","","","","","","","","","","","","","","","","","","","","","","","","","","","","","","","","","","","","","","","","","","","","","","","","","","","","","","","23.3999996185303","","","","",
"Lebanon","LBN","Female share of employment in senior and middle management (%)","SL.EMP.SMGT.FE.ZS","","","","","","","","","","","","","","","","","","","","","","","","","","","","","","","","","","","","","","","","","","","","","","","","","","","","","","","","","","","","28.8999996185303","","",
"Liberia","LBR","Female share of employment in senior and middle management (%)","SL.EMP.SMGT.FE.ZS","","","","","","","","","","","","","","","","","","","","","","","","","","","","","","","","","","","","","","","","","","","","","","","","","","","21.3999996185303","","","","","","","26.1000003814697","","","","",
"Libya","LBY","Female share of employment in senior and middle management (%)","SL.EMP.SMGT.FE.ZS","","","","","","","","","","","","","","","","","","","","","","","","","","","","","","","","","","","","","","","","","","","","","","","","","","","","","","","","","","","","","","",
"St. Lucia","LCA","Female share of employment in senior and middle management (%)","SL.EMP.SMGT.FE.ZS","","","","","","","","","","","","","","","","","","","","","","","","","","","","","","","","","","","","","","","","","","","","","","","","","","","","","","","","","","","","","","",
"Latin America & Caribbean","LCN","Female share of employment in senior and middle management (%)","SL.EMP.SMGT.FE.ZS","","","","","","","","","","","","","","","","","","","","","","","","","","","","","","","","","","","","","","","","","","","","","","","","","","","","","","","","","","","","","","",
"Least developed countries: UN classification","LDC","Female share of employment in senior and middle management (%)","SL.EMP.SMGT.FE.ZS","","","","","","","","","","","","","","","","","","","","","","","","","","","","","","","","","","","","","","","","","","","","","","","","","","","","","","","","","","","","","","",
"Low income","LIC","Female share of employment in senior and middle management (%)","SL.EMP.SMGT.FE.ZS","","","","","","","","","","","","","","","","","","","","","","","","","","","","","","","","","","","","","","","","","","","","","","","","","","","","","","","","","","","","","","",
"Liechtenstein","LIE","Female share of employment in senior and middle management (%)","SL.EMP.SMGT.FE.ZS","","","","","","","","","","","","","","","","","","","","","","","","","","","","","","","","","","","","","","","","","","","","","","","","","","","","","","","","","","","","","","",
"Sri Lanka","LKA","Female share of employment in senior and middle management (%)","SL.EMP.SMGT.FE.ZS","","","","","","","","","","","","","","","","","","","","","","","","","","","","","","","","","","","","","","","","","","","","","","","","","","","23.7000007629395","25.2999992370605","","23.2999992370605","24","23.7000007629395","25.6000003814697","23.2000007629395","22.5","25.6000003814697","","",
"Lower middle income","LMC","Female share of employment in senior and middle management (%)","SL.EMP.SMGT.FE.ZS","","","","","","","","","","","","","","","","","","","","","","","","","","","","","","","","","","","","","","","","","","","","","","","","","","","","","","","","","","","","","","",
"Low & middle income","LMY","Female share of employment in senior and middle management (%)","SL.EMP.SMGT.FE.ZS","","","","","","","","","","","","","","","","","","","","","","","","","","","","","","","","","","","","","","","","","","","","","","","","","","","","","","","","","","","","","","",
"Lesotho","LSO","Female share of employment in senior and middle management (%)","SL.EMP.SMGT.FE.ZS","","","","","","","","","","","","","","","","","","","","","","","","","","","","","","","","","","","","","","","","","","","","","","","","","","","","","","","","","","","","31.7000007629395","","",
"Late-demographic dividend","LTE","Female share of employment in senior and middle management (%)","SL.EMP.SMGT.FE.ZS","","","","","","","","","","","","","","","","","","","","","","","","","","","","","","","","","","","","","","","","","","","","","","","","","","","","","","","","","","","","","","",
"Lithuania","LTU","Female share of employment in senior and middle management (%)","SL.EMP.SMGT.FE.ZS","","","","","","","","","","","","","","","","","","","","","","","","","","","","","","","","","","","","","","","","","42.7999992370605","50","48.4000015258789","41.5","46.7999992370605","45","42.7999992370605","40.2999992370605","41.4000015258789","40.2999992370605","42","36.5","35.2999992370605","36.5","35.4000015258789","38.0999984741211","38.7999992370605","37.9000015258789","38.2000007629395","38.5999984741211","37.2999992370605","",
"Luxembourg","LUX","Female share of employment in senior and middle management (%)","SL.EMP.SMGT.FE.ZS","","","","","","","","","","","","","","","","","","","","","","","","","","","","","","","","","","","","","","","","","24.1000003814697","11.1000003814697","15","11.1999998092651","12.1999998092651","9.30000019073486","21.2000007629395","9.69999980926514","15.3000001907349","15.3999996185303","19.6000003814697","18.2999992370605","17","14.6000003814697","17.8999996185303","14","14.8999996185303","16.1000003814697","22.5","26.5","28.2000007629395","",
"Latvia","LVA","Female share of employment in senior and middle management (%)","SL.EMP.SMGT.FE.ZS","","","","","","","","","","","","","","","","","","","","","","","","","","","","","","","","","","","","","","","","","37.0999984741211","40","38.0999984741211","45.4000015258789","42.5","42","40.9000015258789","42.0999984741211","41.2000007629395","41.5","39.0999984741211","44.2999992370605","44.5999984741211","42.2000007629395","42.0999984741211","44.2999992370605","46.2999992370605","44.0999984741211","43.2000007629395","43.5","46.2000007629395","",
"Macao SAR, China","MAC","Female share of employment in senior and middle management (%)","SL.EMP.SMGT.FE.ZS","","","","","","","","","","","","","","","","","","","","","","","","","","","","","","","","","","","","","","","","","","","","","","","","","","","","","","","","","","","","","","",
"St. Martin (French part)","MAF","Female share of employment in senior and middle management (%)","SL.EMP.SMGT.FE.ZS","","","","","","","","","","","","","","","","","","","","","","","","","","","","","","","","","","","","","","","","","","","","","","","","","","","","","","","","","","","","","","",
"Morocco","MAR","Female share of employment in senior and middle management (%)","SL.EMP.SMGT.FE.ZS","","","","","","","","","","","","","","","","","","","","","","","","","","","","","","","","","","","","","","","","","","","","","","","","","","","","","","","","","","","","","","",
"Monaco","MCO","Female share of employment in senior and middle management (%)","SL.EMP.SMGT.FE.ZS","","","","","","","","","","","","","","","","","","","","","","","","","","","","","","","","","","","","","","","","","","","","","","","","","","","","","","","","","","","","","","",
"Moldova","MDA","Female share of employment in senior and middle management (%)","SL.EMP.SMGT.FE.ZS","","","","","","","","","","","","","","","","","","","","","","","","","","","","","","","","","","","","","","","","","","","","","","","","","","","","","","","","","","","","","","",
"Madagascar","MDG","Female share of employment in senior and middle management (%)","SL.EMP.SMGT.FE.ZS","","","","","","","","","","","","","","","","","","","","","","","","","","","","","","","","","","","","","","","","","","","","","","","","","","","","","24.6000003814697","","","31.7999992370605","","","","","","",
"Maldives","MDV","Female share of employment in senior and middle management (%)","SL.EMP.SMGT.FE.ZS","","","","","","","","","","","","","","","","","","","","","","","","","","","","","","","","","","","","","","","","","","","","","","","","","","16.7000007629395","","","","","","","19.5","","","77.4000015258789","","",
"Middle East & North Africa","MEA","Female share of employment in senior and middle management (%)","SL.EMP.SMGT.FE.ZS","","","","","","","","","","","","","","","","","","","","","","","","","","","","","","","","","","","","","","","","","","","","","","","","","","","","","","","","","","","","","","",
"Mexico","MEX","Female share of employment in senior and middle management (%)","SL.EMP.SMGT.FE.ZS","","","","","","","","","","","","","","","","","","","","","","","","","","","","","","","","","","","","","","","","","","","","","","","","","","","","","","34.9000015258789","35.2999992370605","34.7999992370605","35.2000007629395","36.4000015258789","35.5","35.5999984741211","38.5","37.5",
"Marshall Islands","MHL","Female share of employment in senior and middle management (%)","SL.EMP.SMGT.FE.ZS","","","","","","","","","","","","","","","","","","","","","","","","","","","","","","","","","","","","","","","","","","","","","","","","","","","","","","","","","","","","","","",
"Middle income","MIC","Female share of employment in senior and middle management (%)","SL.EMP.SMGT.FE.ZS","","","","","","","","","","","","","","","","","","","","","","","","","","","","","","","","","","","","","","","","","","","","","","","","","","","","","","","","","","","","","","",
"North Macedonia","MKD","Female share of employment in senior and middle management (%)","SL.EMP.SMGT.FE.ZS","","","","","","","","","","","","","","","","","","","","","","","","","","","","","","","","","","","","","","","","","","","","","","","26.3999996185303","29.2999992370605","28.5","26.7999992370605","27","26.5","23.2999992370605","24.7000007629395","26","23","27.2999992370605","22.5","28.2000007629395","28.2000007629395","24.2000007629395","25",
"Mali","MLI","Female share of employment in senior and middle management (%)","SL.EMP.SMGT.FE.ZS","","","","","","","","","","","","","","","","","","","","","","","","","","","","","","","","","","","","","","","","","","","","","","","","","","","","","","","","","","","","","","",
"Malta","MLT","Female share of employment in senior and middle management (%)","SL.EMP.SMGT.FE.ZS","","","","","","","","","","","","","","","","","","","","","","","","","","","","","","","","","","","","","","","","","17.5","16.2999992370605","18.2000007629395","16.8999996185303","12.8999996185303","19.7999992370605","19.8999996185303","18.2999992370605","15.8999996185303","21.8999996185303","23.7000007629395","24.7999992370605","27.3999996185303","28.6000003814697","25.2999992370605","25.5","28.2999992370605","28.1000003814697","27.6000003814697","29.2000007629395","26.3999996185303","",
"Myanmar","MMR","Female share of employment in senior and middle management (%)","SL.EMP.SMGT.FE.ZS","","","","","","","","","","","","","","","","","","","","","","","","","","","","","","","","","","","","","","","","","","","","","","","","","","","","","","","","28.2999992370605","","31.5","32.0999984741211","34.0999984741211","41","",
"Middle East & North Africa (excluding high income)","MNA","Female share of employment in senior and middle management (%)","SL.EMP.SMGT.FE.ZS","","","","","","","","","","","","","","","","","","","","","","","","","","","","","","","","","","","","","","","","","","","","","","","","","","","","","","","","","","","","","","",
"Montenegro","MNE","Female share of employment in senior and middle management (%)","SL.EMP.SMGT.FE.ZS","","","","","","","","","","","","","","","","","","","","","","","","","","","","","","","","","","","","","","","","","","","","","","","","","","","","35.7000007629395","23.2999992370605","22.7000007629395","24.6000003814697","17.6000003814697","24.8999996185303","25.3999996185303","23.7999992370605","28.2000007629395","25.2999992370605","",
"Mongolia","MNG","Female share of employment in senior and middle management (%)","SL.EMP.SMGT.FE.ZS","","","","","","","","","","","","","","","","","","","","","","","","","","","","","","","","","","","","","","","","","","","","","","","","","41.5999984741211","38.2999992370605","37.9000015258789","37.9000015258789","38.7000007629395","37.2999992370605","34.2000007629395","37.7999992370605","36.7000007629395","40","35.9000015258789","43","47.4000015258789","",
"Northern Mariana Islands","MNP","Female share of employment in senior and middle management (%)","SL.EMP.SMGT.FE.ZS","","","","","","","","","","","","","","","","","","","","","","","","","","","","","","","","","","","","","","","","","","","","","","","","","","","","","","","","","","","","","","",
"Mozambique","MOZ","Female share of employment in senior and middle management (%)","SL.EMP.SMGT.FE.ZS","","","","","","","","","","","","","","","","","","","","","","","","","","","","","","","","","","","","","","","","","","","","","","","","","","","","","","","","22.1000003814697","","","","","","",
"Mauritania","MRT","Female share of employment in senior and middle management (%)","SL.EMP.SMGT.FE.ZS","","","","","","","","","","","","","","","","","","","","","","","","","","","","","","","","","","","","","","","","","","","","","","","","","","","","","","","","","","","","","","",
"Mauritius","MUS","Female share of employment in senior and middle management (%)","SL.EMP.SMGT.FE.ZS","","","","","","","","","","","","","","","","","","","","","","","","","","","","","","","","","","","","","","","","","","19.6000003814697","18.8999996185303","24.2999992370605","20.5","24.7000007629395","15.3000001907349","20.2000007629395","23","25.6000003814697","26.2000007629395","21.2999992370605","23.1000003814697","28.8999996185303","27.2999992370605","27.7999992370605","29.5","30.7999992370605","31","","","",
"Malawi","MWI","Female share of employment in senior and middle management (%)","SL.EMP.SMGT.FE.ZS","","","","","","","","","","","","","","","","","","","","","","","","","","","","","","","","","","","","","","","","","","","","","","","","","","","","","","","","","","","","","","",
"Malaysia","MYS","Female share of employment in senior and middle management (%)","SL.EMP.SMGT.FE.ZS","","","","","","","","","","","","","","","","","","","","","","","","","","","","","","","","","","","","","","","","","","","","","","","","","","","","","","","","","","","","","","",
"North America","NAC","Female share of employment in senior and middle management (%)","SL.EMP.SMGT.FE.ZS","","","","","","","","","","","","","","","","","","","","","","","","","","","","","","","","","","","","","","","","","","","","","","","","","","","","","","","","","","","","","","",
"Namibia","NAM","Female share of employment in senior and middle management (%)","SL.EMP.SMGT.FE.ZS","","","","","","","","","","","","","","","","","","","","","","","","","","","","","","","","","","","","","","","","","","","","","","","","","","","37.7000007629395","","25.6000003814697","48.5","46.7000007629395","","48.5999984741211","","48.2000007629395","","","",
"New Caledonia","NCL","Female share of employment in senior and middle management (%)","SL.EMP.SMGT.FE.ZS","","","","","","","","","","","","","","","","","","","","","","","","","","","","","","","","","","","","","","","","","","","","","","","","","","","","","","","","","","","","","","",
"Niger","NER","Female share of employment in senior and middle management (%)","SL.EMP.SMGT.FE.ZS","","","","","","","","","","","","","","","","","","","","","","","","","","","","","","","","","","","","","","","","","","","","","","","","","","","","","","","","","","21.6000003814697","","","","",
"Nigeria","NGA","Female share of employment in senior and middle management (%)","SL.EMP.SMGT.FE.ZS","","","","","","","","","","","","","","","","","","","","","","","","","","","","","","","","","","","","","","","","","","","","","","","","","","","","28.8999996185303","","35.2000007629395","","","","","","31.3999996185303","","",
"Nicaragua","NIC","Female share of employment in senior and middle management (%)","SL.EMP.SMGT.FE.ZS","","","","","","","","","","","","","","","","","","","","","","","","","","","","","","","","","","","","","","","","","","28.3999996185303","","","","","","","","","","","49.7000007629395","","53.7000007629395","","","","","","","",
"Netherlands","NLD","Female share of employment in senior and middle management (%)","SL.EMP.SMGT.FE.ZS","","","","","","","","","","","","","","","","","","","","","","","","","","","","","","","","","","","","","","","","","21.5","22.3999996185303","21.7000007629395","21.3999996185303","22.2000007629395","22.2999992370605","25.5","26.7999992370605","26","26","26.8999996185303","27.8999996185303","28.2999992370605","23.1000003814697","24","24.5","24.3999996185303","26","24.7999992370605","26","24.7999992370605","",
"Norway","NOR","Female share of employment in senior and middle management (%)","SL.EMP.SMGT.FE.ZS","","","","","","","","","","","","","","","","","","","","","","","","","","","","","","","","","","","","","","","","","24.7000007629395","25.6000003814697","27.7000007629395","28.2000007629395","29.7000007629395","31","34","33.2999992370605","32.5999984741211","34.5","35","31.2000007629395","31.2000007629395","31.2999992370605","33.2999992370605","33.7000007629395","35.4000015258789","35.9000015258789","33.5","32.7000007629395","32","",
"Nepal","NPL","Female share of employment in senior and middle management (%)","SL.EMP.SMGT.FE.ZS","","","","","","","","","","","","","","","","","","","","","","","","","","","","","","","","","","","","","","","","","","","","","","","","","","","","","","","","","","13.8999996185303","","","","",
"Nauru","NRU","Female share of employment in senior and middle management (%)","SL.EMP.SMGT.FE.ZS","","","","","","","","","","","","","","","","","","","","","","","","","","","","","","","","","","","","","","","","","","","","","","","","","","","","","","36.5","","","","","","","","",
"New Zealand","NZL","Female share of employment in senior and middle management (%)","SL.EMP.SMGT.FE.ZS","","","","","","","","","","","","","","","","","","","","","","","","","","","","","","","","","","","","","","","","","","","","","","","","","","","","","","","","","","","","","","",
"OECD members","OED","Female share of employment in senior and middle management (%)","SL.EMP.SMGT.FE.ZS","","","","","","","","","","","","","","","","","","","","","","","","","","","","","","","","","","","","","","","","","","","","","","","","","","","","","","","","","","","","","","",
"Oman","OMN","Female share of employment in senior and middle management (%)","SL.EMP.SMGT.FE.ZS","","","","","","","","","","","","","","","","","","","","","","","","","","","","","","","","","","","","","","","","","","","","","","","","","","","","","","","","","","","","","","",
"Other small states","OSS","Female share of employment in senior and middle management (%)","SL.EMP.SMGT.FE.ZS","","","","","","","","","","","","","","","","","","","","","","","","","","","","","","","","","","","","","","","","","","","","","","","","","","","","","","","","","","","","","","",
"Pakistan","PAK","Female share of employment in senior and middle management (%)","SL.EMP.SMGT.FE.ZS","","","","","","","","","","","","","","","","","","","","","","","","","","","","","","","","","","","","","","","","","","","","","","","7.59999990463257","6.09999990463257","5.19999980926514","5.69999980926514","6.40000009536743","5.80000019073486","","4.19999980926514","5.90000009536743","3.90000009536743","","","6.59999990463257","6.30000019073486","","7.80000019073486",
"Panama","PAN","Female share of employment in senior and middle management (%)","SL.EMP.SMGT.FE.ZS","","","","","","","","","","","","","","","","","","","","","","","","","","","","","","","","","","","","","","","","","","","","44","","","","","39.7999992370605","","","45.7999992370605","46.5","40.5999984741211","43.5","","","","","","","",
"Peru","PER","Female share of employment in senior and middle management (%)","SL.EMP.SMGT.FE.ZS","","","","","","","","","","","","","","","","","","","","","","","","","","","","","","","","","","","","","","","","","","","","","","","","","","","","","","","","","","","","","","",
"Philippines","PHL","Female share of employment in senior and middle management (%)","SL.EMP.SMGT.FE.ZS","","","","","","","","","","","","","","","","","","","","","","","","","","","","","","","","","","","","","","","","","","","","","","","59.2999992370605","38.7999992370605","41.7000007629395","42.7999992370605","42.2000007629395","41.2000007629395","42.2000007629395","43","41.7999992370605","42.7000007629395","23.8999996185303","23.2000007629395","25.5","29.2999992370605","35.4000015258789","",
"Palau","PLW","Female share of employment in senior and middle management (%)","SL.EMP.SMGT.FE.ZS","","","","","","","","","","","","","","","","","","","","","","","","","","","","","","","","","","","","","","","","","","","","","","","","","","","","","","","35.5","","","","","","","",
"Papua New Guinea","PNG","Female share of employment in senior and middle management (%)","SL.EMP.SMGT.FE.ZS","","","","","","","","","","","","","","","","","","","","","","","","","","","","","","","","","","","","","","","","","","","","","","","","","","","19.2999992370605","","","","","","","","","","","",
"Poland","POL","Female share of employment in senior and middle management (%)","SL.EMP.SMGT.FE.ZS","","","","","","","","","","","","","","","","","","","","","","","","","","","","","","","","","","","","","","","","","31.3999996185303","27.7000007629395","29.2999992370605","34","35.2999992370605","34.0999984741211","36.0999984741211","37.0999984741211","36.2000007629395","36","37.5","35.9000015258789","35","35.5","36.4000015258789","37.4000015258789","38.0999984741211","38.2000007629395","39.5","41.2000007629395","41.4000015258789","",
"Pre-demographic dividend","PRE","Female share of employment in senior and middle management (%)","SL.EMP.SMGT.FE.ZS","","","","","","","","","","","","","","","","","","","","","","","","","","","","","","","","","","","","","","","","","","","","","","","","","","","","","","","","","","","","","","",
"Puerto Rico","PRI","Female share of employment in senior and middle management (%)","SL.EMP.SMGT.FE.ZS","","","","","","","","","","","","","","","","","","","","","","","","","","","","","","","","","","","","","","","","","","","","","","","","","","","","","","","","","","","","","","",
"Korea, Dem. People's Rep.","PRK","Female share of employment in senior and middle management (%)","SL.EMP.SMGT.FE.ZS","","","","","","","","","","","","","","","","","","","","","","","","","","","","","","","","","","","","","","","","","","","","","","","","","","","","","","","","","","","","","","",
"Portugal","PRT","Female share of employment in senior and middle management (%)","SL.EMP.SMGT.FE.ZS","","","","","","","","","","","","","","","","","","","","","","","","","","","","","","","","","","","","","","","","","22.3999996185303","22.2999992370605","30","27.1000003814697","30.3999996185303","26.7000007629395","29.6000003814697","29.7999992370605","32","33.5999984741211","34.5999984741211","24.5","26","25.7000007629395","31.7999992370605","28","29.6000003814697","28","32.2000007629395","37","35.7000007629395","",
"Paraguay","PRY","Female share of employment in senior and middle management (%)","SL.EMP.SMGT.FE.ZS","","","","","","","","","","","","","","","","","","","","","","","","","","","","","","","","","","","","","","","","","","","","","","","","","","","","","","","","","","","","","","",
"West Bank and Gaza","PSE","Female share of employment in senior and middle management (%)","SL.EMP.SMGT.FE.ZS","","","","","","","","","","","","","","","","","","","","","","","","","","","","","","","","","","","","","","","","","23.1000003814697","22.8999996185303","19.8999996185303","23.7999992370605","20.2000007629395","21.8999996185303","19.7999992370605","18.3999996185303","19.6000003814697","","21.7000007629395","21.5","15.5","16.1000003814697","16.5","16.2000007629395","20.6000003814697","16.7000007629395","17.7999992370605","21.7000007629395","22.6000003814697","22.1000003814697",
"Pacific island small states","PSS","Female share of employment in senior and middle management (%)","SL.EMP.SMGT.FE.ZS","","","","","","","","","","","","","","","","","","","","","","","","","","","","","","","","","","","","","","","","","","","","","","","","","","","","","","","","","","","","","","",
"Post-demographic dividend","PST","Female share of employment in senior and middle management (%)","SL.EMP.SMGT.FE.ZS","","","","","","","","","","","","","","","","","","","","","","","","","","","","","","","","","","","","","","","","","","","","","","","","","","","","","","","","","","","","","","",
"French Polynesia","PYF","Female share of employment in senior and middle management (%)","SL.EMP.SMGT.FE.ZS","","","","","","","","","","","","","","","","","","","","","","","","","","","","","","","","","","","","","","","","","","","","","","","","","","","","","","","","","","","","","","",
"Qatar","QAT","Female share of employment in senior and middle management (%)","SL.EMP.SMGT.FE.ZS","","","","","","","","","","","","","","","","","","","","","","","","","","","","","","","","","","","","","","","","","","","","","","","","","","","","","","","","","","","","","","",
"Romania","ROU","Female share of employment in senior and middle management (%)","SL.EMP.SMGT.FE.ZS","","","","","","","","","","","","","","","","","","","","","","","","","","","","","","","","","","","","","","","","","","","","","","33.5999984741211","33.5999984741211","32.5999984741211","34.0999984741211","36.4000015258789","36.2999992370605","31.7999992370605","30.7999992370605","30.6000003814697","30.7000007629395","31.5","32.4000015258789","30.1000003814697","30.1000003814697","34.2000007629395","35.0999984741211","",
"Russian Federation","RUS","Female share of employment in senior and middle management (%)","SL.EMP.SMGT.FE.ZS","","","","","","","","","","","","","","","","","","","","","","","","","","","","","","","","","","","","","","","","","","","","","","","","","","","38.5999984741211","39.5","39.0999984741211","38.4000015258789","38.0999984741211","38.7000007629395","40.4000015258789","39.2999992370605","39.7999992370605","42","43.2000007629395","",
"Rwanda","RWA","Female share of employment in senior and middle management (%)","SL.EMP.SMGT.FE.ZS","","","","","","","","","","","","","","","","","","","","","","","","","","","","","","","","","","","","","","","","","","","","","","","","","","","","","","","","","","36.2999992370605","35.7000007629395","","34.4000015258789","",
"South Asia","SAS","Female share of employment in senior and middle management (%)","SL.EMP.SMGT.FE.ZS","","","","","","","","","","","","","","","","","","","","","","","","","","","","","","","","","","","","","","","","","","","","","","","","","","","","","","","","","","","","","","",
"Saudi Arabia","SAU","Female share of employment in senior and middle management (%)","SL.EMP.SMGT.FE.ZS","","","","","","","","","","","","","","","","","","","","","","","","","","","","","","","","","","","","","","","","","","","","","","","","","","","","","","","","","","","","","","",
"Sudan","SDN","Female share of employment in senior and middle management (%)","SL.EMP.SMGT.FE.ZS","","","","","","","","","","","","","","","","","","","","","","","","","","","","","","","","","","","","","","","","","","","","","","","","","","","","","","","","","","","","","","",
"Senegal","SEN","Female share of employment in senior and middle management (%)","SL.EMP.SMGT.FE.ZS","","","","","","","","","","","","","","","","","","","","","","","","","","","","","","","","","","","","","","","","","","","","","","","","","","","","","","","","26.2000007629395","26.2000007629395","","","21","","",
"Singapore","SGP","Female share of employment in senior and middle management (%)","SL.EMP.SMGT.FE.ZS","","","","","","","","","","","","","","","","","","","","","","","","","","","","","","","","","","","","","","","","","","","","","","","","","","","","","","","","","","","","","","38.5",
"Solomon Islands","SLB","Female share of employment in senior and middle management (%)","SL.EMP.SMGT.FE.ZS","","","","","","","","","","","","","","","","","","","","","","","","","","","","","","","","","","","","","","","","","","","","","","","","","","","","","","25.1000003814697","","","","","","","","",
"Sierra Leone","SLE","Female share of employment in senior and middle management (%)","SL.EMP.SMGT.FE.ZS","","","","","","","","","","","","","","","","","","","","","","","","","","","","","","","","","","","","","","","","","","","","","","","","","","","","","","","38.5","","","","21.5","","","",
"El Salvador","SLV","Female share of employment in senior and middle management (%)","SL.EMP.SMGT.FE.ZS","","","","","","","","","","","","","","","","","","","","","","","","","","","","","","","","","","","","","","","","","","","","","","","","","","","37.5999984741211","42.9000015258789","55.7999992370605","42.7000007629395","35.5999984741211","40.7000007629395","34.0999984741211","32.5999984741211","35.7000007629395","43.0999984741211","48.7999992370605","",
"San Marino","SMR","Female share of employment in senior and middle management (%)","SL.EMP.SMGT.FE.ZS","","","","","","","","","","","","","","","","","","","","","","","","","","","","","","","","","","","","","","","","","","","","","","","","","","","","","","","","","","","","","","",
"Somalia","SOM","Female share of employment in senior and middle management (%)","SL.EMP.SMGT.FE.ZS","","","","","","","","","","","","","","","","","","","","","","","","","","","","","","","","","","","","","","","","","","","","","","","","","","","","","","","","","","","","27.7000007629395","","",
"Serbia","SRB","Female share of employment in senior and middle management (%)","SL.EMP.SMGT.FE.ZS","","","","","","","","","","","","","","","","","","","","","","","","","","","","","","","","","","","","","","","","","","","","","","","","","36.5999984741211","39.4000015258789","34.5999984741211","32.7999992370605","29.1000003814697","32.7000007629395","31.5","30.8999996185303","30.8999996185303","30.2999992370605","29.7999992370605","33.5999984741211","32.5999984741211","34.2000007629395",
"Sub-Saharan Africa (excluding high income)","SSA","Female share of employment in senior and middle management (%)","SL.EMP.SMGT.FE.ZS","","","","","","","","","","","","","","","","","","","","","","","","","","","","","","","","","","","","","","","","","","","","","","","","","","","","","","","","","","","","","","",
"South Sudan","SSD","Female share of employment in senior and middle management (%)","SL.EMP.SMGT.FE.ZS","","","","","","","","","","","","","","","","","","","","","","","","","","","","","","","","","","","","","","","","","","","","","","","","","","","","","","","","","","","","","","",
"Sub-Saharan Africa","SSF","Female share of employment in senior and middle management (%)","SL.EMP.SMGT.FE.ZS","","","","","","","","","","","","","","","","","","","","","","","","","","","","","","","","","","","","","","","","","","","","","","","","","","","","","","","","","","","","","","",
"Small states","SST","Female share of employment in senior and middle management (%)","SL.EMP.SMGT.FE.ZS","","","","","","","","","","","","","","","","","","","","","","","","","","","","","","","","","","","","","","","","","","","","","","","","","","","","","","","","","","","","","","",
"Sao Tome and Principe","STP","Female share of employment in senior and middle management (%)","SL.EMP.SMGT.FE.ZS","","","","","","","","","","","","","","","","","","","","","","","","","","","","","","","","","","","","","","","","","","","","","","","","","","","","","","","","","","","","","","",
"Suriname","SUR","Female share of employment in senior and middle management (%)","SL.EMP.SMGT.FE.ZS","","","","","","","","","","","","","","","","","","","","","","","","","","","","","","","","","","","","","","","","","","","","","","","","","","","","","","","","","42.2000007629395","","","","","",
"Slovak Republic","SVK","Female share of employment in senior and middle management (%)","SL.EMP.SMGT.FE.ZS","","","","","","","","","","","","","","","","","","","","","","","","","","","","","","","","","","","","","","","","","32.5999984741211","34.4000015258789","33.0999984741211","34.0999984741211","30.6000003814697","30.1000003814697","27.3999996185303","31.8999996185303","29.2000007629395","31.7000007629395","35.5999984741211","27.7000007629395","30.3999996185303","30.2999992370605","28.2000007629395","27.7999992370605","34.2999992370605","30.2999992370605","30.3999996185303","33.2999992370605","34.5","",
"Slovenia","SVN","Female share of employment in senior and middle management (%)","SL.EMP.SMGT.FE.ZS","","","","","","","","","","","","","","","","","","","","","","","","","","","","","","","","","","","","","","","","","36","36.7000007629395","35.7999992370605","41.9000015258789","40.2000007629395","42","42","37.5","43.2999992370605","44.7000007629395","43.2999992370605","38.9000015258789","40.2999992370605","38.5","36.5","37","41.7999992370605","41.9000015258789","38.2000007629395","40.5","40.5999984741211","",
"Sweden","SWE","Female share of employment in senior and middle management (%)","SL.EMP.SMGT.FE.ZS","","","","","","","","","","","","","","","","","","","","","","","","","","","","","","","","","","","","","","","","","27.1000003814697","31.2999992370605","32.0999984741211","30.5","31.6000003814697","31.8999996185303","31.7999992370605","31","30.7999992370605","31.1000003814697","31.2999992370605","33.5","34.5","35.5","37.4000015258789","39.7999992370605","39.5","39.4000015258789","39","41.9000015258789","43.0999984741211","",
"Eswatini","SWZ","Female share of employment in senior and middle management (%)","SL.EMP.SMGT.FE.ZS","","","","","","","","","","","","","","","","","","","","","","","","","","","","","","","","","","","","","","","","","","","","","","","","","","","","","","","","","54.5999984741211","","","","","",
"Sint Maarten (Dutch part)","SXM","Female share of employment in senior and middle management (%)","SL.EMP.SMGT.FE.ZS","","","","","","","","","","","","","","","","","","","","","","","","","","","","","","","","","","","","","","","","","","","","","","","","","","","","","","","","","","","","","","",
"Seychelles","SYC","Female share of employment in senior and middle management (%)","SL.EMP.SMGT.FE.ZS","","","","","","","","","","","","","","","","","","","","","","","","","","","","","","","","","","","","","","","","","","","","","","","","","","","","","","","44.9000015258789","49","43.7999992370605","","","47.2999992370605","40","",
"Syrian Arab Republic","SYR","Female share of employment in senior and middle management (%)","SL.EMP.SMGT.FE.ZS","","","","","","","","","","","","","","","","","","","","","","","","","","","","","","","","","","","","","","","","","","","","","","","","","","","","","","","","","","","","","","",
"Turks and Caicos Islands","TCA","Female share of employment in senior and middle management (%)","SL.EMP.SMGT.FE.ZS","","","","","","","","","","","","","","","","","","","","","","","","","","","","","","","","","","","","","","","","","","","","","","","","","","","","","","","","","","","","","","",
"Chad","TCD","Female share of employment in senior and middle management (%)","SL.EMP.SMGT.FE.ZS","","","","","","","","","","","","","","","","","","","","","","","","","","","","","","","","","","","","","","","","","","","","","","","","","","","","","","","","","","","","","","",
"East Asia & Pacific (IDA & IBRD countries)","TEA","Female share of employment in senior and middle management (%)","SL.EMP.SMGT.FE.ZS","","","","","","","","","","","","","","","","","","","","","","","","","","","","","","","","","","","","","","","","","","","","","","","","","","","","","","","","","","","","","","",
"Europe & Central Asia (IDA & IBRD countries)","TEC","Female share of employment in senior and middle management (%)","SL.EMP.SMGT.FE.ZS","","","","","","","","","","","","","","","","","","","","","","","","","","","","","","","","","","","","","","","","","","","","","","","","","","","","","","","","","","","","","","",
"Togo","TGO","Female share of employment in senior and middle management (%)","SL.EMP.SMGT.FE.ZS","","","","","","","","","","","","","","","","","","","","","","","","","","","","","","","","","","","","","","","","","","","","","","","","","","","","","","","","","","29.5","","","","",
"Thailand","THA","Female share of employment in senior and middle management (%)","SL.EMP.SMGT.FE.ZS","","","","","","","","","","","","","","","","","","","","","","","","","","","","","","","","","","","","","","","","","","","","","","","","","","","24.2999992370605","","","27.1000003814697","29.3999996185303","29.7999992370605","29.5","30.7999992370605","30.8999996185303","31","33.2000007629395","",
"Tajikistan","TJK","Female share of employment in senior and middle management (%)","SL.EMP.SMGT.FE.ZS","","","","","","","","","","","","","","","","","","","","","","","","","","","","","","","","","","","","","","","","","","","","","","","","13.8000001907349","","16.1000003814697","","","","","","","","","","","","",
"Turkmenistan","TKM","Female share of employment in senior and middle management (%)","SL.EMP.SMGT.FE.ZS","","","","","","","","","","","","","","","","","","","","","","","","","","","","","","","","","","","","","","","","","","","","","","","","","","","","","","","","","","","","","","",
"Latin America & the Caribbean (IDA & IBRD countries)","TLA","Female share of employment in senior and middle management (%)","SL.EMP.SMGT.FE.ZS","","","","","","","","","","","","","","","","","","","","","","","","","","","","","","","","","","","","","","","","","","","","","","","","","","","","","","","","","","","","","","",
"Timor-Leste","TLS","Female share of employment in senior and middle management (%)","SL.EMP.SMGT.FE.ZS","","","","","","","","","","","","","","","","","","","","","","","","","","","","","","","","","","","","","","","","","","","","","","","","","","","8.60000038146973","","","33","","","24.5","","","","","",
"Middle East & North Africa (IDA & IBRD countries)","TMN","Female share of employment in senior and middle management (%)","SL.EMP.SMGT.FE.ZS","","","","","","","","","","","","","","","","","","","","","","","","","","","","","","","","","","","","","","","","","","","","","","","","","","","","","","","","","","","","","","",
"Tonga","TON","Female share of employment in senior and middle management (%)","SL.EMP.SMGT.FE.ZS","","","","","","","","","","","","","","","","","","","","","","","","","","","","","","","","","","","","","","","","","","","","","","","","","","","","","","","","","","","40.2999992370605","","","",
"South Asia (IDA & IBRD)","TSA","Female share of employment in senior and middle management (%)","SL.EMP.SMGT.FE.ZS","","","","","","","","","","","","","","","","","","","","","","","","","","","","","","","","","","","","","","","","","","","","","","","","","","","","","","","","","","","","","","",
"Sub-Saharan Africa (IDA & IBRD countries)","TSS","Female share of employment in senior and middle management (%)","SL.EMP.SMGT.FE.ZS","","","","","","","","","","","","","","","","","","","","","","","","","","","","","","","","","","","","","","","","","","","","","","","","","","","","","","","","","","","","","","",
"Trinidad and Tobago","TTO","Female share of employment in senior and middle management (%)","SL.EMP.SMGT.FE.ZS","","","","","","","","","","","","","","","","","","","","","","","","","","","","","","","","","","","","","","","","","","","","","","","","","","","","","","","","","","","","","","",
"Tunisia","TUN","Female share of employment in senior and middle management (%)","SL.EMP.SMGT.FE.ZS","","","","","","","","","","","","","","","","","","","","","","","","","","","","","","","","","","","","","","","","","","","","","","","","","","18.2000007629395","19.2999992370605","","","","16.7000007629395","","","","","","","",
"Turkiye","TUR","Female share of employment in senior and middle management (%)","SL.EMP.SMGT.FE.ZS","","","","","","","","","","","","","","","","","","","","","","","","","","","","","","","","","","","","","","","","","","","","","16.5","15.6999998092651","17.2999992370605","18","19.3999996185303","20.1000003814697","18.7999992370605","13","14.3000001907349","16.6000003814697","15.6000003814697","14.3999996185303","16.7000007629395","17.2999992370605","16.2999992370605","17.5","19.2999992370605","",
"Tuvalu","TUV","Female share of employment in senior and middle management (%)","SL.EMP.SMGT.FE.ZS","","","","","","","","","","","","","","","","","","","","","","","","","","","","","","","","","","","","","","","","","","","","","","","","","","","","","","","","","36.7000007629395","","","","","",
"Tanzania","TZA","Female share of employment in senior and middle management (%)","SL.EMP.SMGT.FE.ZS","","","","","","","","","","","","","","","","","","","","","","","","","","","","","","","","","","","","","","","","","","11.6999998092651","","","","","17.3999996185303","","","","","","","","17.2999992370605","","","","","","27.8999996185303","",
"Uganda","UGA","Female share of employment in senior and middle management (%)","SL.EMP.SMGT.FE.ZS","","","","","","","","","","","","","","","","","","","","","","","","","","","","","","","","","","","","","","","","","","","","","","","","","","","","","31.5","","","","","25.3999996185303","","","","",
"Ukraine","UKR","Female share of employment in senior and middle management (%)","SL.EMP.SMGT.FE.ZS","","","","","","","","","","","","","","","","","","","","","","","","","","","","","","","","","","","","","","","","","","","","","","","","","","","","","","","","","","","","","","",
"Upper middle income","UMC","Female share of employment in senior and middle management (%)","SL.EMP.SMGT.FE.ZS","","","","","","","","","","","","","","","","","","","","","","","","","","","","","","","","","","","","","","","","","","","","","","","","","","","","","","","","","","","","","","",
"Uruguay","URY","Female share of employment in senior and middle management (%)","SL.EMP.SMGT.FE.ZS","","","","","","","","","","","","","","","","","","","","","","","","","","","","","","","","","","","","","","","24.5","27","20.2999992370605","15.1000003814697","13.6999998092651","13.3000001907349","11.3999996185303","17.2999992370605","23.3999996185303","22.1000003814697","17.8999996185303","22.5","23.6000003814697","31.2000007629395","36.5","34.2000007629395","31.7999992370605","34","33.7000007629395","35.0999984741211","37.2999992370605","36.5","39.9000015258789","",
"United States","USA","Female share of employment in senior and middle management (%)","SL.EMP.SMGT.FE.ZS","","","","","","","","","","","","","","","","","","","","","","","","","","","","","","","","","","","","","","","","","","","","37.4000015258789","37.2999992370605","37.5999984741211","36.9000015258789","38","38","38.0999984741211","38.7999992370605","38.5999984741211","39.0999984741211","38.7999992370605","38.7999992370605","39.4000015258789","39.7000007629395","40.5","40.5","40.7999992370605","42.2999992370605","43.2000007629395",
"Uzbekistan","UZB","Female share of employment in senior and middle management (%)","SL.EMP.SMGT.FE.ZS","","","","","","","","","","","","","","","","","","","","","","","","","","","","","","","","","","","","","","","","","","","","","","","","","","","","","","","","","","","","","","",
"St. Vincent and the Grenadines","VCT","Female share of employment in senior and middle management (%)","SL.EMP.SMGT.FE.ZS","","","","","","","","","","","","","","","","","","","","","","","","","","","","","","","","","","","","","","","","","","","","","","","","","","","","","","","","","","","","","","",
"Venezuela, RB","VEN","Female share of employment in senior and middle management (%)","SL.EMP.SMGT.FE.ZS","","","","","","","","","","","","","","","","","","","","","","","","","","","","","","","","","","","","","","","","","","","","","","","","","","","","","","","","","","","","","","",
"British Virgin Islands","VGB","Female share of employment in senior and middle management (%)","SL.EMP.SMGT.FE.ZS","","","","","","","","","","","","","","","","","","","","","","","","","","","","","","","","","","","","","","","","","","","","","","","","","","","","","","","","","","","","","","",
"Virgin Islands (U.S.)","VIR","Female share of employment in senior and middle management (%)","SL.EMP.SMGT.FE.ZS","","","","","","","","","","","","","","","","","","","","","","","","","","","","","","","","","","","","","","","","","","","","","","","","","","","","","","","","","","","","","","",
"Vietnam","VNM","Female share of employment in senior and middle management (%)","SL.EMP.SMGT.FE.ZS","","","","","","","","","","","","","","","","","","","","","","","","","","","","","","","","","","","","","","","","","","","","","","","","16.2999992370605","","","","","","","","","","","","","","20.1000003814697",
"Vanuatu","VUT","Female share of employment in senior and middle management (%)","SL.EMP.SMGT.FE.ZS","","","","","","","","","","","","","","","","","","","","","","","","","","","","","","","","","","","","","","","","","","","","","","","15.6000003814697","","","28.5","20.7999992370605","","","","","","","","","22.6000003814697","","",
"World","WLD","Female share of employment in senior and middle management (%)","SL.EMP.SMGT.FE.ZS","","","","","","","","","","","","","","","","","","","","","","","","","","","","","","","","","","","","","","","","","","","","","","","","","","","","","","","","","","","","","","",
"Samoa","WSM","Female share of employment in senior and middle management (%)","SL.EMP.SMGT.FE.ZS","","","","","","","","","","","","","","","","","","","","","","","","","","","","","","","","","","","","","","","","","","","","","","","","","","","","","41.5999984741211","","","","","42.9000015258789","","","","",
"Kosovo","XKX","Female share of employment in senior and middle management (%)","SL.EMP.SMGT.FE.ZS","","","","","","","","","","","","","","","","","","","","","","","","","","","","","","","","","","","","","","","","","","","","","","","","","","","","","15.3000001907349","17","16.1000003814697","14.8000001907349","14","14.8999996185303","17.3999996185303","14.3000001907349","17.3999996185303","",
"Yemen, Rep.","YEM","Female share of employment in senior and middle management (%)","SL.EMP.SMGT.FE.ZS","","","","","","","","","","","","","","","","","","","","","","","","","","","","","","","","","","","","","","","","","","","","","","","","","","","","","","","4.5","","","","","","","",
"South Africa","ZAF","Female share of employment in senior and middle management (%)","SL.EMP.SMGT.FE.ZS","","","","","","","","","","","","","","","","","","","","","","","","","","","","","","","","","","","","","","","","","22.6000003814697","22.5","25.6000003814697","27.7000007629395","26.7999992370605","30.5","31.3999996185303","32","31.5","33.2000007629395","32","33.7000007629395","34.7999992370605","33.0999984741211","34.2999992370605","33.9000015258789","35.7000007629395","35.2000007629395","33.9000015258789","33.2999992370605","35.0999984741211","35.2000007629395",
"Zambia","ZMB","Female share of employment in senior and middle management (%)","SL.EMP.SMGT.FE.ZS","","","","","","","","","","","","","","","","","","","","","","","","","","","","","","","","","","","","","","","","","","","","","","","","","","","","","","","","","","29.6000003814697","40.2000007629395","30","39.5999984741211","",
"Zimbabwe","ZWE","Female share of employment in senior and middle management (%)","SL.EMP.SMGT.FE.ZS","","","","","","","","","","","","","","","","","","","","","","","","","","","","","","","","","","","","","","","","","","","","","","","","","","","","22.7999992370605","","","","","","","","28.1000003814697","","",
